crispAI,crispAI-base
0.2722506145450333,0.3497364199972711
0.2481167075344852,0.37152269357521056
0.2591690173033968,0.35448677735235395
0.2789318330113777,0.38385078620854957
0.2817110829417086,0.3704759363566758
