crispAI,crispAI-base
0.2812839431901568,0.3421094545924398
0.2875651356245165,0.3823788596159383
0.2974397605566509,0.3660574452601687
0.3279059552991305,0.3990673622823452
0.3222110715543214,0.3854231772475355
